PMID,Title,Authors,Citation,First Author,Journal/Book,Publication Year,Create Date,PMCID,NIHMS ID,DOI
"32783967","Deep learning for 3D imaging and image analysis in biomineralization research","Reznikov N, Buss DJ, Provencher B, McKee MD, Piché N.","J Struct Biol. 2020 Oct 1;212(1):107598. doi: 10.1016/j.jsb.2020.107598. Epub 2020 Aug 9.","Reznikov N","J Struct Biol","2020","2020/08/14","","","10.1016/j.jsb.2020.107598"
"37387366","PRRX1(+)MSCs Enhance Mandibular Regeneration during Distraction Osteogenesis","Jiang WD, Zhu PQ, Zhang T, Liao FC, Jiang PP, Zhou N, Wang XD, Huang XP.","J Dent Res. 2023 Aug;102(9):1058-1068. doi: 10.1177/00220345231176522. Epub 2023 Jun 30.","Jiang WD","J Dent Res","2023","2023/06/30","","","10.1177/00220345231176522"
"33782948","Automated analysis of rabbit knee calcified cartilage morphology using micro-computed tomography and deep learning","Rytky SJO, Huang L, Tanska P, Tiulpin A, Panfilov E, Herzog W, Korhonen RK, Saarakkala S, Finnilä MAJ.","J Anat. 2021 Aug;239(2):251-263. doi: 10.1111/joa.13435. Epub 2021 Mar 29.","Rytky SJO","J Anat","2021","2021/03/30","PMC8273618","","10.1111/joa.13435"
"34450416","Deep learning approach to assess damage mechanics of bone tissue","Shen SC, Peña Fernández M, Tozzi G, Buehler MJ.","J Mech Behav Biomed Mater. 2021 Nov;123:104761. doi: 10.1016/j.jmbbm.2021.104761. Epub 2021 Aug 14.","Shen SC","J Mech Behav Biomed Mater","2021","2021/08/27","","","10.1016/j.jmbbm.2021.104761"
"34754768","Application of machine learning classifiers for microcomputed tomography data assessment of mouse bone microarchitecture","Coulombe JC, Mullen ZK, Lynch ME, Stodieck LS, Ferguson VL.","MethodsX. 2021 Aug 24;8:101497. doi: 10.1016/j.mex.2021.101497. eCollection 2021.","Coulombe JC","MethodsX","2021","2021/11/10","PMC8563473","","10.1016/j.mex.2021.101497"
"37792417","The effect of osteocyte-derived RANKL on bone graft remodeling: An in vivo experimental study","Feher B, Kampleitner C, Heimel P, Tangl S, Helms JA, Kuchler U, Gruber R.","Clin Oral Implants Res. 2023 Dec;34(12):1417-1427. doi: 10.1111/clr.14187. Epub 2023 Oct 4.","Feher B","Clin Oral Implants Res","2023","2023/10/04","","","10.1111/clr.14187"
"36401814","Lipopolysaccharide-Induced Bone Loss in Rodent Models: A Systematic Review and Meta-Analysis","Bott KN, Feldman E, de Souza RJ, Comelli EM, Klentrou P, Peters SJ, Ward WE.","J Bone Miner Res. 2023 Jan;38(1):198-213. doi: 10.1002/jbmr.4740. Epub 2022 Dec 5.","Bott KN","J Bone Miner Res","2023","2022/11/19","PMC10107812","","10.1002/jbmr.4740"
"38729290","A reliable deep-learning-based method for alveolar bone quantification using a murine model of periodontitis and micro-computed tomography imaging","Xi R, Ali M, Zhou Y, Tizzano M.","J Dent. 2024 Jul;146:105057. doi: 10.1016/j.jdent.2024.105057. Epub 2024 May 8.","Xi R","J Dent","2024","2024/05/10","PMC11288397","NIHMS2001322","10.1016/j.jdent.2024.105057"
"36828576","Micro-CT Analysis of Fat in the Killifish Nothobranchius furzeri","Ripa R, Mesaros A, Symmons O, Ballhysa E, Dolfi L, Antebi A.","Cold Spring Harb Protoc. 2023 Aug 1;2023(8):107884. doi: 10.1101/pdb.prot107884.","Ripa R","Cold Spring Harb Protoc","2023","2023/02/24","","","10.1101/pdb.prot107884"
"38385868","Semi-Automated MicroCT Analysis of Bone Anatomy and Mineralization in Mouse Models","Spoutil F, Dlugosova S, Varga I, Aranaz-Novaliches G, Novosadova V, Prochazkova M, Sedlacek R, Prochazka J.","Curr Protoc. 2024 Feb;4(2):e980. doi: 10.1002/cpz1.980.","Spoutil F","Curr Protoc","2024","2024/02/22","","","10.1002/cpz1.980"
"37730735","Leptin receptor gene deficiency minimally affects osseointegration in rats","Jolic M, Ruscsák K, Emanuelsson L, Norlindh B, Thomsen P, Shah FA, Palmquist A.","Sci Rep. 2023 Sep 20;13(1):15631. doi: 10.1038/s41598-023-42379-5.","Jolic M","Sci Rep","2023","2023/09/20","PMC10511412","","10.1038/s41598-023-42379-5"
"36384160","FasL is a catabolic factor in alveolar bone homeostasis","Apaza Alccayhuaman KA, Heimel P, Lee JS, Tangl S, Kuchler U, Marchesan J, Panahipour L, Lettner S, Matalová E, Gruber R.","J Clin Periodontol. 2023 Mar;50(3):396-405. doi: 10.1111/jcpe.13750. Epub 2022 Nov 25.","Apaza Alccayhuaman KA","J Clin Periodontol","2023","2022/11/17","PMC10946845","","10.1111/jcpe.13750"
"33434328","Severity of Megakaryocyte-Driven Osteosclerosis in Mpig6b-Deficient Mice Is Sex-Linked","Stavnichuk M, Tauer JT, Nagy Z, Mazharian A, Welman M, Lordkipanidzé M, Senis YA, Komarova SV.","J Bone Miner Res. 2021 Apr;36(4):803-813. doi: 10.1002/jbmr.4245. Epub 2021 Feb 8.","Stavnichuk M","J Bone Miner Res","2021","2021/01/12","","","10.1002/jbmr.4245"
"35614222","Morphology of Palaeospondylus shows affinity to tetrapod ancestors","Hirasawa T, Hu Y, Uesugi K, Hoshino M, Manabe M, Kuratani S.","Nature. 2022 Jun;606(7912):109-112. doi: 10.1038/s41586-022-04781-3. Epub 2022 May 25.","Hirasawa T","Nature","2022","2022/05/25","","","10.1038/s41586-022-04781-3"
"36111203","Protective Effect on Bone of Nacre Supplementation in Ovariectomized Rats","Nguyen DK, Laroche N, Vanden-Bossche A, Linossier MT, Thomas M, Peyroche S, Normand M, Bertache-Djenadi Y, Thomas T, Marotte H, Vico L, Lafage-Proust MH, Rousseau M.","JBMR Plus. 2022 Jul 15;6(9):e10655. doi: 10.1002/jbm4.10655. eCollection 2022 Sep.","Nguyen DK","JBMR Plus","2022","2022/09/16","PMC9464996","","10.1002/jbm4.10655"
"39154827","Single-cell sequencing reveals that specnuezhenide protects against osteoporosis via activation of METTL3 in LEPR(+) BMSCs","Wei J, Dong R, Ma Y, Wang J, Tian S, Tu X, Mu Z, Liu YQ.","Eur J Pharmacol. 2024 Oct 15;981:176908. doi: 10.1016/j.ejphar.2024.176908. Epub 2024 Aug 21.","Wei J","Eur J Pharmacol","2024","2024/08/18","","","10.1016/j.ejphar.2024.176908"
"28500930","Micro-computed tomography, scanning electron microscopy and energy X-ray spectroscopy studies of facet joint degeneration: A comparison to clinical imaging","Goehre F, Ludtka C, Hamperl M, Friedmann A, Straube A, Mendel T, Heilmann A, Meisel HJ, Schwan S.","Micron. 2017 Sep;100:50-59. doi: 10.1016/j.micron.2017.04.011. Epub 2017 May 1.","Goehre F","Micron","2017","2017/05/14","","","10.1016/j.micron.2017.04.011"
"34095987","Osteoconductive properties of upside-down bilayer collagen membranes in rat calvarial defects","Feher B, Apaza Alccayhuaman KA, Strauss FJ, Lee JS, Tangl S, Kuchler U, Gruber R.","Int J Implant Dent. 2021 Jun 7;7(1):50. doi: 10.1186/s40729-021-00333-y.","Feher B","Int J Implant Dent","2021","2021/06/07","PMC8180471","","10.1186/s40729-021-00333-y"
"37747411","Embryonic cranial cartilage defects in the Fgfr3(Y367C) (/+) mouse model of achondroplasia","Motch Perrine SM, Sapkota N, Kawasaki K, Zhang Y, Chen DZ, Kawasaki M, Durham EL, Heuzé Y, Legeai-Mallet L, Richtsmeier JT.","Anat Rec (Hoboken). 2023 Sep 25:10.1002/ar.25327. doi: 10.1002/ar.25327. Online ahead of print.","Motch Perrine SM","Anat Rec (Hoboken)","2023","2023/09/25","PMC10961250","NIHMS1931515","10.1002/ar.25327"
"38834103","Statistical investigation of interdependence of trabecular microarchitectural parameters from micro-computed tomography","Neeteson NJ, Bugbird AR, Burt LA, Boyd SK.","Bone. 2024 Oct;187:117144. doi: 10.1016/j.bone.2024.117144. Epub 2024 Jun 2.","Neeteson NJ","Bone","2024","2024/06/04","","","10.1016/j.bone.2024.117144"
"32687794","Ranitidine Impairs Bone Healing and Implant Osseointegration in Rats' Tibiae","Alshahrani NS, Abu-Nada L, Ramirez Garcia-Luna JL, Al-Hamed FS, Alamri A, Makhoul NM, Tamimi F.","J Oral Maxillofac Surg. 2020 Nov;78(11):1943-1952. doi: 10.1016/j.joms.2020.06.027. Epub 2020 Jun 26.","Alshahrani NS","J Oral Maxillofac Surg","2020","2020/07/21","","","10.1016/j.joms.2020.06.027"
"35614082","MusMorph, a database of standardized mouse morphology data for morphometric meta-analyses","Devine J, Vidal-García M, Liu W, Neves A, Lo Vercio LD, Green RM, Richbourg HA, Marchini M, Unger CM, Nickle AC, Radford B, Young NM, Gonzalez PN, Schuler RE, Bugacov A, Rolian C, Percival CJ, Williams T, Niswander L, Calof AL, Lander AD, Visel A, Jirik FR, Cheverud JM, Klein OD, Birnbaum RY, Merrill AE, Ackermann RR, Graf D, Hemberger M, Dean W, Forkert ND, Murray SA, Westerberg H, Marcucio RS, Hallgrímsson B.","Sci Data. 2022 May 25;9(1):230. doi: 10.1038/s41597-022-01338-x.","Devine J","Sci Data","2022","2022/05/25","PMC9133120","","10.1038/s41597-022-01338-x"
"19013264","Micro-computed tomography assessment of fracture healing: relationships among callus structure, composition, and mechanical function","Morgan EF, Mason ZD, Chien KB, Pfeiffer AJ, Barnes GL, Einhorn TA, Gerstenfeld LC.","Bone. 2009 Feb;44(2):335-44. doi: 10.1016/j.bone.2008.10.039. Epub 2008 Oct 25.","Morgan EF","Bone","2009","2008/11/18","PMC2669651","NIHMS96216","10.1016/j.bone.2008.10.039"
"36272714","Effects of Fam83h truncation mutation on enamel developmental defects in male C57/BL6J mice","Zheng X, Huang W, He Z, Li Y, Li S, Song Y.","Bone. 2023 Jan;166:116595. doi: 10.1016/j.bone.2022.116595. Epub 2022 Oct 20.","Zheng X","Bone","2023","2022/10/22","","","10.1016/j.bone.2022.116595"
"32437969","Automating three-dimensional osteoarthritis histopathological grading of human osteochondral tissue using machine learning on contrast-enhanced micro-computed tomography","Rytky SJO, Tiulpin A, Frondelius T, Finnilä MAJ, Karhula SS, Leino J, Pritzker KPH, Valkealahti M, Lehenkari P, Joukainen A, Kröger H, Nieminen HJ, Saarakkala S.","Osteoarthritis Cartilage. 2020 Aug;28(8):1133-1144. doi: 10.1016/j.joca.2020.05.002. Epub 2020 May 11.","Rytky SJO","Osteoarthritis Cartilage","2020","2020/05/22","","","10.1016/j.joca.2020.05.002"
"32608132","Acid bone lysates reduce bone regeneration in rat calvaria defects","Strauss FJ, Kuchler U, Kobatake R, Heimel P, Tangl S, Gruber R.","J Biomed Mater Res A. 2021 May;109(5):659-665. doi: 10.1002/jbm.a.37050. Epub 2020 Jul 10.","Strauss FJ","J Biomed Mater Res A","2021","2020/07/02","PMC7984281","","10.1002/jbm.a.37050"
"24668424","Variations in microanatomy of the human cochlea","Avci E, Nauwelaers T, Lenarz T, Hamacher V, Kral A.","J Comp Neurol. 2014 Oct 1;522(14):3245-61. doi: 10.1002/cne.23594. Epub 2014 Apr 12.","Avci E","J Comp Neurol","2014","2014/03/27","PMC4265794","","10.1002/cne.23594"
"34917602","Ectopic Bone Tissue Engineering in Mice Using Human Gingiva or Bone Marrow-Derived Stromal/Progenitor Cells in Scaffold-Hydrogel Constructs","Shanbhag S, Kampleitner C, Mohamed-Ahmed S, Yassin MA, Dongre H, Costea DE, Tangl S, Stavropoulos A, Bolstad AI, Suliman S, Mustafa K.","Front Bioeng Biotechnol. 2021 Nov 30;9:783468. doi: 10.3389/fbioe.2021.783468. eCollection 2021.","Shanbhag S","Front Bioeng Biotechnol","2021","2021/12/17","PMC8670384","","10.3389/fbioe.2021.783468"
"30403537","3D human bone marrow stromal and endothelial cell spheres promote bone healing in an osteogenic niche","Inglis S, Kanczler JM, Oreffo ROC.","FASEB J. 2019 Mar;33(3):3279-3290. doi: 10.1096/fj.201801114R. Epub 2018 Nov 7.","Inglis S","FASEB J","2019","2018/11/08","PMC6404559","","10.1096/fj.201801114R"
"33807565","Acid Dentin Lysate Failed to Modulate Bone Formation in Rat Calvaria Defects","Nasirzade J, Alccayhuaman KAA, Kargarpour Z, Kuchler U, Strauss FJ, Panahipour L, Kampleitner C, Heimel P, Schwarz F, Gruber R.","Biology (Basel). 2021 Mar 5;10(3):196. doi: 10.3390/biology10030196.","Nasirzade J","Biology (Basel)","2021","2021/04/03","PMC7999213","","10.3390/biology10030196"
"24699186","Dental and periodontal phenotype in sclerostin knockout mice","Kuchler U, Schwarze UY, Dobsak T, Heimel P, Bosshardt DD, Kneissel M, Gruber R.","Int J Oral Sci. 2014 Jun;6(2):70-6. doi: 10.1038/ijos.2014.12. Epub 2014 Apr 4.","Kuchler U","Int J Oral Sci","2014","2014/04/05","PMC5130054","","10.1038/ijos.2014.12"
"35880162","Inhibition of Osteoblast Differentiation by JAK2(V617F) Megakaryocytes Derived From Male Mice With Primary Myelofibrosis","Karagianni A, Matsuura S, Gerstenfeld LC, Ravid K.","Front Oncol. 2022 Jul 8;12:929498. doi: 10.3389/fonc.2022.929498. eCollection 2022.","Karagianni A","Front Oncol","2022","2022/07/26","PMC9307716","","10.3389/fonc.2022.929498"
"26104807","Apparent- and Tissue-Level Yield Behaviors of L4 Vertebral Trabecular Bone and Their Associations with Microarchitectures","Gong H, Wang L, Fan Y, Zhang M, Qin L.","Ann Biomed Eng. 2016 Apr;44(4):1204-23. doi: 10.1007/s10439-015-1368-6. Epub 2015 Jun 24.","Gong H","Ann Biomed Eng","2016","2015/06/25","","","10.1007/s10439-015-1368-6"
"36318110","Early patellofemoral cartilage and bone pathology in a rat model of noninvasive anterior cruciate ligament rupture","Fleischer MM, Hartner SE, Newton MD, Baker KC, Maerz T.","Connect Tissue Res. 2023 Mar;64(2):175-185. doi: 10.1080/03008207.2022.2136571. Epub 2022 Nov 1.","Fleischer MM","Connect Tissue Res","2023","2022/11/01","","","10.1080/03008207.2022.2136571"
"25826666","miR-214 promotes osteoclastogenesis by targeting Pten/PI3k/Akt pathway","Zhao C, Sun W, Zhang P, Ling S, Li Y, Zhao D, Peng J, Wang A, Li Q, Song J, Wang C, Xu X, Xu Z, Zhong G, Han B, Chang YZ, Li Y.","RNA Biol. 2015;12(3):343-53. doi: 10.1080/15476286.2015.1017205.","Zhao C","RNA Biol","2015","2015/04/01","PMC4615895","","10.1080/15476286.2015.1017205"
"37774934","Characterization of rat vertebrae cortical bone microstructures using confocal Raman microscopy combined to tomography and electron microscopy","Shah SA, Salehi H, Cavaillès V, Fernandez F, Cuisinier F, Collart-Dutilleul PY, Desoutter A.","Ann Anat. 2023 Oct;250:152162. doi: 10.1016/j.aanat.2023.152162. Epub 2023 Sep 27.","Shah SA","Ann Anat","2023","2023/09/29","","","10.1016/j.aanat.2023.152162"
"26772730","A 3D-printed functioning anatomical human middle ear model","Kuru I, Maier H, Müller M, Lenarz T, Lueth TC.","Hear Res. 2016 Oct;340:204-213. doi: 10.1016/j.heares.2015.12.025. Epub 2016 Jan 7.","Kuru I","Hear Res","2016","2016/01/17","","","10.1016/j.heares.2015.12.025"
"21815993","Constant strain rate and peri-implant bone modeling: an in vivo longitudinal micro-CT analysis","De Smet E, Jaecques SV, Wevers M, Sloten JV, Naert IE.","Clin Implant Dent Relat Res. 2013 Jun;15(3):358-66. doi: 10.1111/j.1708-8208.2011.00375.x. Epub 2011 Aug 4.","De Smet E","Clin Implant Dent Relat Res","2013","2011/08/06","","","10.1111/j.1708-8208.2011.00375.x"
"26256623","Use of micro-computed tomography to evaluate the effects of exercise on preventing the degeneration of articular cartilage in tail-suspended rats","Luan HQ, Sun LW, Huang YF, Wu XT, Niu H, Liu H, Fan YB.","Life Sci Space Res (Amst). 2015 Jul;6:15-20. doi: 10.1016/j.lssr.2015.06.001. Epub 2015 Jun 9.","Luan HQ","Life Sci Space Res (Amst)","2015","2015/08/11","","","10.1016/j.lssr.2015.06.001"
"33849592","Lugol's solution but not formaldehyde affects bone microstructure and bone mineral density parameters at the insertion site of the rotator cuff in rats","Feichtinger X, Heimel P, Keibl C, Hercher D, Schanda JE, Kocijan R, Redl H, Grillari J, Fialka C, Mittermayr R.","J Orthop Surg Res. 2021 Apr 13;16(1):254. doi: 10.1186/s13018-021-02394-6.","Feichtinger X","J Orthop Surg Res","2021","2021/04/14","PMC8045387","","10.1186/s13018-021-02394-6"
"33295680","Relationship between altered knee kinematics and subchondral bone remodeling in a clinically translational model of ACL injury","White MS, Brancati RJ, Lepley LK.","J Orthop Res. 2022 Jan;40(1):74-86. doi: 10.1002/jor.24943. Epub 2020 Dec 23.","White MS","J Orthop Res","2022","2020/12/09","PMC8187469","NIHMS1655241","10.1002/jor.24943"
"32153097","Temporal and dynamic changes in gingival blood flow during progression of ligature-induced periodontitis","Kuraji R, Wu YH, Hashimoto S, Mishiro S, Maeda Y, Miyashita Y, Ito H, Miwa Y, Sunohara M, Kapila Y, Numabe Y.","Oral Dis. 2020 Sep;26(6):1292-1301. doi: 10.1111/odi.13328. Epub 2020 Mar 25.","Kuraji R","Oral Dis","2020","2020/03/11","","","10.1111/odi.13328"
"22185204","Application of in vivo micro-computed tomography in the temporal characterisation of subchondral bone architecture in a rat model of low-dose monosodium iodoacetate-induced osteoarthritis","Mohan G, Perilli E, Kuliwaba JS, Humphries JM, Parkinson IH, Fazzalari NL.","Arthritis Res Ther. 2011;13(6):R210. doi: 10.1186/ar3543. Epub 2011 Dec 21.","Mohan G","Arthritis Res Ther","2011","2011/12/22","PMC3334663","","10.1186/ar3543"
"38100980","Statistical distribution of micro and macro pores in acrylic bone cement- effect of amount of antibiotic content","Alimohammadi M, Mirzabozorg H, Farahmand F, Kim S, Baril C, Ploeg HL.","J Mech Behav Biomed Mater. 2024 Feb;150:106297. doi: 10.1016/j.jmbbm.2023.106297. Epub 2023 Dec 8.","Alimohammadi M","J Mech Behav Biomed Mater","2024","2023/12/15","","","10.1016/j.jmbbm.2023.106297"
"34633315","3D-printed Poly-Lactic Co-Glycolic Acid (PLGA) scaffolds in non-critical bone defects impede bone regeneration in rabbit tibia bone","Lim JX, He M, Chong AKS.","Biomed Mater Eng. 2021;32(6):375-381. doi: 10.3233/BME-216017.","Lim JX","Biomed Mater Eng","2021","2021/10/11","","","10.3233/BME-216017"
"30112634","Micro-CT evaluation of the cortical bone micro-architecture in the anterior and posterior maxilla and the maxillary sinus floor","Bertl K, Domic D, Hirtler L, Heimel P, Esfandeyari A, Stavropoulos A, Ulm C.","Clin Oral Investig. 2019 Mar;23(3):1453-1459. doi: 10.1007/s00784-018-2573-0. Epub 2018 Aug 15.","Bertl K","Clin Oral Investig","2019","2018/08/17","","","10.1007/s00784-018-2573-0"
"30485431","Microanatomical changes and biomolecular expression at the PDL-entheses during experimental tooth movement","Yang L, Kang M, He R, Meng B, Pal A, Chen L, Jheon AH, Ho SP.","J Periodontal Res. 2019 Jun;54(3):251-258. doi: 10.1111/jre.12625. Epub 2018 Nov 28.","Yang L","J Periodontal Res","2019","2018/11/29","PMC6465084","NIHMS992209","10.1111/jre.12625"
"33461597","Inhibition of TGFβ improves hematopoietic stem cell niche and ameliorates cancer-related anemia","Wang B, Wang Y, Chen H, Yao S, Lai X, Qiu Y, Cai J, Huang Y, Wei X, Guan Y, Wang T, Wang J, Xiang AP.","Stem Cell Res Ther. 2021 Jan 18;12(1):65. doi: 10.1186/s13287-020-02120-9.","Wang B","Stem Cell Res Ther","2021","2021/01/19","PMC7814632","","10.1186/s13287-020-02120-9"
"28198555","Involvement of CD147 in alveolar bone remodeling and soft tissue degradation in experimental periodontitis","Yang D, Liu R, Liu L, Liao H, Wang C, Cao Z.","J Periodontal Res. 2017 Aug;52(4):704-712. doi: 10.1111/jre.12435. Epub 2017 Feb 15.","Yang D","J Periodontal Res","2017","2017/02/16","","","10.1111/jre.12435"
"29492335","MIA-Clustering: a novel method for segmentation of paleontological material","Dunmore CJ, Wollny G, Skinner MM.","PeerJ. 2018 Feb 23;6:e4374. doi: 10.7717/peerj.4374. eCollection 2018.","Dunmore CJ","PeerJ","2018","2018/03/02","PMC5826037","","10.7717/peerj.4374"
"38083338","Towards an Informed CNN for Bone SR-microCT Image Classification with an Unsupervised Patched-based Image Clustering","Poles I, D'Arnese E, Buccino F, Vergani L, Santambrogio MD.","Annu Int Conf IEEE Eng Med Biol Soc. 2023 Jul;2023:1-4. doi: 10.1109/EMBC40787.2023.10341140.","Poles I","Annu Int Conf IEEE Eng Med Biol Soc","2023","2023/12/12","","","10.1109/EMBC40787.2023.10341140"
"34761388","Variation in vertebrae shape across small-bodied newts reveals functional and developmental constraints acting upon the trunk region","Scholtes SJ, Arntzen JW, Ajduković M, Ivanović A.","J Anat. 2022 Apr;240(4):639-646. doi: 10.1111/joa.13591. Epub 2021 Nov 10.","Scholtes SJ","J Anat","2022","2021/11/11","PMC8930814","","10.1111/joa.13591"
"37947141","The impact of Resolvin E1 on bone regeneration in critical-sized calvarial defects of rat model-A gene expression and micro-CT analysis","Alrumaih S, Alshibani N, Alssum L, Alshehri FA, AlMayrifi MA, AlMayouf M, Alrahlah A, Bautista LSJ.","J Periodontal Res. 2024 Feb;59(1):195-203. doi: 10.1111/jre.13206. Epub 2023 Nov 10.","Alrumaih S","J Periodontal Res","2024","2023/11/10","","","10.1111/jre.13206"
"33957005","Lrp5 Mutant and Crispant Zebrafish Faithfully Model Human Osteoporosis, Establishing the Zebrafish as a Platform for CRISPR-Based Functional Screening of Osteoporosis Candidate Genes","Bek JW, Shochat C, De Clercq A, De Saffel H, Boel A, Metz J, Rodenburg F, Karasik D, Willaert A, Coucke PJ.","J Bone Miner Res. 2021 Sep;36(9):1749-1764. doi: 10.1002/jbmr.4327. Epub 2021 May 19.","Bek JW","J Bone Miner Res","2021","2021/05/06","","","10.1002/jbmr.4327"
"36039207","Rule and Neural Network-Based Image Segmentation of Mice Vertebrae Images","Madireddy I, Wu T.","Cureus. 2022 Jul 25;14(7):e27247. doi: 10.7759/cureus.27247. eCollection 2022 Jul.","Madireddy I","Cureus","2022","2022/08/30","PMC9401637","","10.7759/cureus.27247"
"31786678","A novel algorithm to predict bone changes in the mouse tibia properties under physiological conditions","Cheong VS, Campos Marin A, Lacroix D, Dall'Ara E.","Biomech Model Mechanobiol. 2020 Jun;19(3):985-1001. doi: 10.1007/s10237-019-01266-7. Epub 2019 Nov 30.","Cheong VS","Biomech Model Mechanobiol","2020","2019/12/02","PMC7203598","","10.1007/s10237-019-01266-7"
"37614304","Increased Bone Formation and Accelerated Bone Mass Accrual in a Man Presenting with Diffuse Osteosclerosis/High Bone Mass Phenotype and Adenocarcinoma of Unknown Primary","Diamond TH, Bryant C, Quinn R, Mohanty ST, Bonar F, Baldock PA, McDonald MM.","JBMR Plus. 2023 Jun 14;7(8):e10734. doi: 10.1002/jbm4.10734. eCollection 2023 Aug.","Diamond TH","JBMR Plus","2023","2023/08/24","PMC10443075","","10.1002/jbm4.10734"
"36091331","Cortical bone relationships are maintained regardless of sex and diet in a large population of LGXSM advanced intercross mice","Migotsky N, Brodt MD, Cheverud JM, Silva MJ.","Bone Rep. 2022 Aug 26;17:101615. doi: 10.1016/j.bonr.2022.101615. eCollection 2022 Dec.","Migotsky N","Bone Rep","2022","2022/09/12","PMC9449555","","10.1016/j.bonr.2022.101615"
"37702738","Food texture and vitamin D influence mouse mandible form and molar roots","Van Ankum EM, Majcher KB, Dolovich AT, Johnston JD, Flegel KP, Boughner JC.","Anat Rec (Hoboken). 2024 Mar;307(3):611-632. doi: 10.1002/ar.25315. Epub 2023 Sep 13.","Van Ankum EM","Anat Rec (Hoboken)","2024","2023/09/13","","","10.1002/ar.25315"
"35490916","Methotrexate promotes recovery of arthritis-induced alveolar bone loss and modifies the composition of the oral-gut microbiota","de Arruda JAA, Corrêa JD, Singh Y, Oliveira SR, Machado CC, Schneider AH, Medeiros JD, Fernandes GR, Macari S, Barrioni BR, Santos MS, Duffles LF, Nakaya HTI, Fukada SY, Graves DT, Cunha FQ, Silva TA.","Anaerobe. 2022 Jun;75:102577. doi: 10.1016/j.anaerobe.2022.102577. Epub 2022 Apr 28.","de Arruda JAA","Anaerobe","2022","2022/05/01","PMC10782845","NIHMS1951698","10.1016/j.anaerobe.2022.102577"
"24204923","Low-bone-mass phenotype of deficient mice for the cluster of differentiation 36 (CD36)","Kevorkova O, Martineau C, Martin-Falstrault L, Sanchez-Dardon J, Brissette L, Moreau R.","PLoS One. 2013 Oct 25;8(10):e77701. doi: 10.1371/journal.pone.0077701. eCollection 2013.","Kevorkova O","PLoS One","2013","2013/11/09","PMC3808405","","10.1371/journal.pone.0077701"
"33114211","Impact of DBBM Fragments on the Porosity of the Calvarial Bone: A Pilot Study on Mice","Kuchler U, Heimel P, Stähli A, Strauss FJ, Luza B, Gruber R.","Materials (Basel). 2020 Oct 23;13(21):4748. doi: 10.3390/ma13214748.","Kuchler U","Materials (Basel)","2020","2020/10/29","PMC7660694","","10.3390/ma13214748"
"26426826","Genetics of murine craniofacial morphology: diallel analysis of the eight founders of the Collaborative Cross","Percival CJ, Liberton DK, Pardo-Manuel de Villena F, Spritz R, Marcucio R, Hallgrímsson B.","J Anat. 2016 Jan;228(1):96-112. doi: 10.1111/joa.12382. Epub 2015 Oct 1.","Percival CJ","J Anat","2016","2015/10/02","PMC4694168","NIHMS730850","10.1111/joa.12382"
"32428686","Tracking tendon fibers to their insertion - a 3D analysis of the Achilles tendon enthesis in mice","Sartori J, Stark H.","Acta Biomater. 2021 Jan 15;120:146-155. doi: 10.1016/j.actbio.2020.05.001. Epub 2020 May 16.","Sartori J","Acta Biomater","2021","2020/05/20","","","10.1016/j.actbio.2020.05.001"
"30653344","Osteointegration of a Novel Silk Fiber-Based ACL Scaffold by Formation of a Ligament-Bone Interface","Teuschl AH, Tangl S, Heimel P, Schwarze UY, Monforte X, Redl H, Nau T.","Am J Sports Med. 2019 Mar;47(3):620-627. doi: 10.1177/0363546518818792. Epub 2019 Jan 17.","Teuschl AH","Am J Sports Med","2019","2019/01/18","","","10.1177/0363546518818792"
"39101558","Visualization of Pulpal Structures by SWIR in Endodontic Access Preparation","Benz L, Heck K, Hevisov D, Kugelmann D, Tseng PC, Sreij Z, Litzenburger F, Waschke J, Schwendicke F, Kienle A, Hickel R, Kunzelmann KH, Walter E.","J Dent Res. 2024 Aug 5:220345241262949. doi: 10.1177/00220345241262949. Online ahead of print.","Benz L","J Dent Res","2024","2024/08/05","","","10.1177/00220345241262949"
"35807281","Human Remains Identification Using Micro-CT, Chemometric and AI Methods in Forensic Experimental Reconstruction of Dental Patterns after Concentrated Sulphuric Acid Significant Impact","Thurzo A, Jančovičová V, Hain M, Thurzo M, Novák B, Kosnáčová H, Lehotská V, Varga I, Kováč P, Moravanský N.","Molecules. 2022 Jun 23;27(13):4035. doi: 10.3390/molecules27134035.","Thurzo A","Molecules","2022","2022/07/09","PMC9268125","","10.3390/molecules27134035"
"30850857","Paget's Disease of Long Bones: Microstructural Analyses of Historical Bone Samples","Nebot E, Heimel P, Tangl S, Dockner M, Patsch J, Weber GW, Pretterklieber M, Teschler-Nicola M, Pietschmann P.","Calcif Tissue Int. 2019 Jul;105(1):15-25. doi: 10.1007/s00223-019-00539-8. Epub 2019 Mar 8.","Nebot E","Calcif Tissue Int","2019","2019/03/10","","","10.1007/s00223-019-00539-8"
"32543880","Zoledronic Acid Substantially Improves Bone Microarchitecture and Biomechanical Properties After Rotator Cuff Repair in a Rodent Chronic Defect Model","Schanda JE, Keibl C, Heimel P, Monforte X, Tangl S, Feichtinger X, Teuschl AH, Baierl A, Muschitz C, Redl H, Fialka C, Mittermayr R.","Am J Sports Med. 2020 Jul;48(9):2151-2160. doi: 10.1177/0363546520926471. Epub 2020 Jun 16.","Schanda JE","Am J Sports Med","2020","2020/06/17","","","10.1177/0363546520926471"
"27554427","Effects of a moderately high-protein diet and interval aerobic training combined with strength-endurance exercise on markers of bone metabolism, microarchitecture and turnover in obese Zucker rats","Nebot E, Aparicio VA, Coll-Risco I, Camiletti-Moirón D, Schneider J, Kapravelou G, Heimel P, Martínez R, Andrade A, Slezak P, Redl H, Porres JM, López-Jurado M, Pietschmann P, Aranda P.","Bone. 2016 Nov;92:116-123. doi: 10.1016/j.bone.2016.08.017. Epub 2016 Aug 21.","Nebot E","Bone","2016","2016/08/25","","","10.1016/j.bone.2016.08.017"
"24164605","Sonoporation increases therapeutic efficacy of inducible and constitutive BMP2/7 in vivo gene delivery","Feichtinger GA, Hofmann AT, Slezak P, Schuetzenberger S, Kaipel M, Schwartz E, Neef A, Nomikou N, Nau T, van Griensven M, McHale AP, Redl H.","Hum Gene Ther Methods. 2014 Feb;25(1):57-71. doi: 10.1089/hgtb.2013.113. Epub 2013 Nov 27.","Feichtinger GA","Hum Gene Ther Methods","2014","2013/10/30","PMC3904655","","10.1089/hgtb.2013.113"
"34542171","Phenotypic regionalization of the vertebral column in the thorny skate Amblyraja radiata: Stability and variation","Berio F, Bayle Y, Riley C, Larouche O, Cloutier R.","J Anat. 2022 Feb;240(2):253-267. doi: 10.1111/joa.13551. Epub 2021 Sep 19.","Berio F","J Anat","2022","2021/09/20","PMC8742970","","10.1111/joa.13551"
"21931681","Sequential alterations in catabolic and anabolic gene expression parallel pathological changes during progression of monoiodoacetate-induced arthritis","Nam J, Perera P, Liu J, Rath B, Deschner J, Gassner R, Butterfield TA, Agarwal S.","PLoS One. 2011;6(9):e24320. doi: 10.1371/journal.pone.0024320. Epub 2011 Sep 13.","Nam J","PLoS One","2011","2011/09/21","PMC3172226","","10.1371/journal.pone.0024320"
"29758447","Experimental sharp force injuries to ribs: Multimodal morphological and geometric morphometric analyses using micro-CT, macro photography and SEM","Komo L, Grassberger M.","Forensic Sci Int. 2018 Jul;288:189-200. doi: 10.1016/j.forsciint.2018.04.048. Epub 2018 May 1.","Komo L","Forensic Sci Int","2018","2018/05/15","","","10.1016/j.forsciint.2018.04.048"
"26716008","Heidelberg-mCT-Analyzer: a novel method for standardized microcomputed-tomography-guided evaluation of scaffold properties in bone and tissue research","Westhauser F, Weis C, Hoellig M, Swing T, Schmidmaier G, Weber MA, Stiller W, Kauczor HU, Moghaddam A.","R Soc Open Sci. 2015 Nov 11;2(11):150496. doi: 10.1098/rsos.150496. eCollection 2015 Nov.","Westhauser F","R Soc Open Sci","2015","2015/12/31","PMC4680623","","10.1098/rsos.150496"
"29239487","Evolution of skull shape in the family Salamandridae (Amphibia: Caudata)","Ivanović A, Arntzen JW.","J Anat. 2018 Mar;232(3):359-370. doi: 10.1111/joa.12759. Epub 2017 Dec 14.","Ivanović A","J Anat","2018","2017/12/15","PMC5807954","","10.1111/joa.12759"
"26027862","MicroCT-based evaluation of the trabecular bone quality of different implant anchorage sites for masticatory rehabilitation of the maxilla","Bertl K, Heimel P, Rökl-Riegler M, Hirtler L, Ulm C, Zechner W.","J Craniomaxillofac Surg. 2015 Jul;43(6):961-8. doi: 10.1016/j.jcms.2015.04.008. Epub 2015 Apr 17.","Bertl K","J Craniomaxillofac Surg","2015","2015/06/02","","","10.1016/j.jcms.2015.04.008"
"21643723","Incisor enamel formation is impaired in transgenic rats overexpressing the type III NaPi transporter Slc20a1","Yoshioka H, Yoshiko Y, Minamizaki T, Suzuki S, Koma Y, Nobukiyo A, Sotomaru Y, Suzuki A, Itoh M, Maeda N.","Calcif Tissue Int. 2011 Sep;89(3):192-202. doi: 10.1007/s00223-011-9506-0. Epub 2011 Jun 4.","Yoshioka H","Calcif Tissue Int","2011","2011/06/07","","","10.1007/s00223-011-9506-0"
"33480625","The Use of Clinically Measurable Cochlear Parameters in Cochlear Implant Surgery as Indicators for Size, Shape, and Orientation of the Scala Tympani","Schurzig D, Timm ME, Majdani O, Lenarz T, Rau TS.","Ear Hear. 2021 July/Aug;42(4):1034-1041. doi: 10.1097/AUD.0000000000000998.","Schurzig D","Ear Hear","2021","2021/01/22","","","10.1097/AUD.0000000000000998"
"39177752","Deficiency of Trps1 in Cementoblasts Impairs Cementogenesis and Tooth Root Formation","Fujikawa K, Socorro M, Lukashova L, Hoskere P, Keskinidis P, Verdelis K, Napierala D.","Calcif Tissue Int. 2024 Aug 23. doi: 10.1007/s00223-024-01277-2. Online ahead of print.","Fujikawa K","Calcif Tissue Int","2024","2024/08/23","","","10.1007/s00223-024-01277-2"
"35403831","Toward an artificial intelligence-assisted framework for reconstructing the digital twin of vertebra and predicting its fracture response","Ahmadian H, Mageswaran P, Walter BA, Blakaj DM, Bourekas EC, Mendel E, Marras WS, Soghrati S.","Int J Numer Method Biomed Eng. 2022 Jun;38(6):e3601. doi: 10.1002/cnm.3601. Epub 2022 Apr 26.","Ahmadian H","Int J Numer Method Biomed Eng","2022","2022/04/11","PMC9285948","","10.1002/cnm.3601"
"33072621","Non-surgical Periodontal Treatment Restored the Gut Microbiota and Intestinal Barrier in Apolipoprotein E(-/-) Mice With Periodontitis","Huang Y, Liao Y, Luo B, Li L, Zhang Y, Yan F.","Front Cell Infect Microbiol. 2020 Sep 21;10:498. doi: 10.3389/fcimb.2020.00498. eCollection 2020.","Huang Y","Front Cell Infect Microbiol","2020","2020/10/19","PMC7536370","","10.3389/fcimb.2020.00498"
"31729194","Anatomical similarity between the Sost-knockout mouse and sclerosteosis in humans","Schwarze UY, Dobsak T, Gruber R, Bookstein FL.","Anat Rec (Hoboken). 2020 Sep;303(9):2295-2308. doi: 10.1002/ar.24318. Epub 2019 Dec 17.","Schwarze UY","Anat Rec (Hoboken)","2020","2019/11/16","PMC7496997","","10.1002/ar.24318"
"23274676","Near infrared (NIR) absorption spectra correlates with subchondral bone micro-CT parameters in osteoarthritic rat models","Afara IO, Prasadam I, Crawford R, Xiao Y, Oloyede A.","Bone. 2013 Apr;53(2):350-7. doi: 10.1016/j.bone.2012.12.042. Epub 2012 Dec 27.","Afara IO","Bone","2013","2013/01/01","","","10.1016/j.bone.2012.12.042"
"38790282","Human versus Rat PRF on Collagen Membranes: A Pilot Study of Mineralization in Rat Calvaria Defect Model","Apaza Alccayhuaman KA, Heimel P, Tangl S, Lettner S, Kampleitner C, Panahipour L, Kuchler U, Gruber R.","Bioengineering (Basel). 2024 Apr 23;11(5):414. doi: 10.3390/bioengineering11050414.","Apaza Alccayhuaman KA","Bioengineering (Basel)","2024","2024/05/25","PMC11117948","","10.3390/bioengineering11050414"
"26293309","Patterns of activity adaptation in humeral trabecular bone in Neolithic humans and present-day people","Scherf H, Wahl J, Hublin JJ, Harvati K.","Am J Phys Anthropol. 2016 Jan;159(1):106-15. doi: 10.1002/ajpa.22835. Epub 2015 Aug 21.","Scherf H","Am J Phys Anthropol","2016","2015/08/22","","","10.1002/ajpa.22835"
"28793410","A Bone Sample Containing a Bone Graft Substitute Analyzed by Correlating Density Information Obtained by X-ray Micro Tomography with Compositional Information Obtained by Raman Microscopy","Charwat-Pessler J, Musso M, Petutschnigg A, Entacher K, Plank B, Wernersson E, Tangl S, Schuller-Götzburg P.","Materials (Basel). 2015 Jun 25;8(7):3831-3853. doi: 10.3390/ma8073831.","Charwat-Pessler J","Materials (Basel)","2015","2017/08/11","PMC5455664","","10.3390/ma8073831"
"26303287","The in vivo role of DMP-1 and serum phosphate on bone mineral composition","Maginot M, Lin S, Liu Y, Yuan B, Feng JQ, Aswath PB.","Bone. 2015 Dec;81:602-613. doi: 10.1016/j.bone.2015.08.018. Epub 2015 Aug 22.","Maginot M","Bone","2015","2015/08/26","","","10.1016/j.bone.2015.08.018"
"23863990","The intravertebral distribution of bone density: correspondence to intervertebral disc health and implications for vertebral strength","Hussein AI, Jackman TM, Morgan SR, Barest GD, Morgan EF.","Osteoporos Int. 2013 Dec;24(12):3021-30. doi: 10.1007/s00198-013-2417-3. Epub 2013 Jul 18.","Hussein AI","Osteoporos Int","2013","2013/07/19","PMC4465501","NIHMS697152","10.1007/s00198-013-2417-3"
"38702714","The mylohyoid line is highly variable but does not affect the microarchitecture of the edentulous alveolar bone - an anatomical micro-CT study","Domic D, Kappenberger J, Bertl K, Hirtler L, Heimel P, Ulm C.","BMC Oral Health. 2024 May 3;24(1):528. doi: 10.1186/s12903-024-04293-8.","Domic D","BMC Oral Health","2024","2024/05/03","PMC11069156","","10.1186/s12903-024-04293-8"
"19961958","Characterization of the deformation behavior of intermediate porosity interconnected Ti foams using micro-computed tomography and direct finite element modeling","Singh R, Lee PD, Lindley TC, Kohlhauser C, Hellmich C, Bram M, Imwinkelried T, Dashwood RJ.","Acta Biomater. 2010 Jun;6(6):2342-51. doi: 10.1016/j.actbio.2009.11.032. Epub 2009 Dec 2.","Singh R","Acta Biomater","2010","2009/12/08","","","10.1016/j.actbio.2009.11.032"
"38821263","Identification of Root Canal Morphology in Fused-rooted Mandibular Second Molars From X-ray Images Based on Deep Learning","Wu W, Chen S, Chen P, Chen M, Yang Y, Gao Y, Hu J, Ma J.","J Endod. 2024 Sep;50(9):1289-1297.e1. doi: 10.1016/j.joen.2024.05.014. Epub 2024 May 29.","Wu W","J Endod","2024","2024/05/31","","","10.1016/j.joen.2024.05.014"
"32935871","Caspase inhibitor attenuates the shape changes in the alveolar ridge following tooth extraction: A pilot study in rats","Schwarze UY, Strauss FJ, Gruber R.","J Periodontal Res. 2021 Jan;56(1):101-107. doi: 10.1111/jre.12798. Epub 2020 Sep 16.","Schwarze UY","J Periodontal Res","2021","2020/09/16","PMC7891322","","10.1111/jre.12798"
"36421082","Comparison of Osseointegration of Dental Implants Placed in Rabbit Tibia Using Two Dental Laser and Implant Handpiece Systems","Park JH, Son K, Son YT, Kim YG, Suh JY, Lee KB, Lee JM.","Bioengineering (Basel). 2022 Nov 11;9(11):681. doi: 10.3390/bioengineering9110681.","Park JH","Bioengineering (Basel)","2022","2022/11/24","PMC9687135","","10.3390/bioengineering9110681"
"29725470","Mutant monocyte chemoattractant protein-1 protein (7ND) inhibits osteoclast differentiation and reduces oral squamous carcinoma cell bone invasion","Luo S, Zhou C, Zhang J, Chen M, Li H, Zheng S, Quan J.","Oncol Lett. 2018 May;15(5):7760-7768. doi: 10.3892/ol.2018.8308. Epub 2018 Mar 21.","Luo S","Oncol Lett","2018","2018/05/05","PMC5920317","","10.3892/ol.2018.8308"
"17546503","Non-invasive time-lapsed monitoring and quantification of engineered bone-like tissue","Hagenmüller H, Hofmann S, Kohler T, Merkle HP, Kaplan DL, Vunjak-Novakovic G, Müller R, Meinel L.","Ann Biomed Eng. 2007 Oct;35(10):1657-67. doi: 10.1007/s10439-007-9338-2. Epub 2007 Jun 2.","Hagenmüller H","Ann Biomed Eng","2007","2007/06/05","","","10.1007/s10439-007-9338-2"
"12610302","Homo erectus calvarium from the Pleistocene of Java","Baba H, Aziz F, Kaifu Y, Suwa G, Kono RT, Jacob T.","Science. 2003 Feb 28;299(5611):1384-8. doi: 10.1126/science.1081676.","Baba H","Science","2003","2003/03/01","","","10.1126/science.1081676"
"30291681","Vertebral Comparative Anatomy and Morphological Differences in Anguine Lizards With a Special Reference to Pseudopus apodus","Čerňanský A, Yaryhin O, Ciceková J, Werneburg I, Hain M, Klembara J.","Anat Rec (Hoboken). 2019 Feb;302(2):232-257. doi: 10.1002/ar.23944. Epub 2018 Nov 9.","Čerňanský A","Anat Rec (Hoboken)","2019","2018/10/07","","","10.1002/ar.23944"
"17975292","Skeletal dosimetry for external exposure to photons based on microCT images of spongiosa from different bone sites","Kramer R, Khoury HJ, Vieira JW, Kawrakow I.","Phys Med Biol. 2007 Nov 21;52(22):6697-716. doi: 10.1088/0031-9155/52/22/010. Epub 2007 Oct 30.","Kramer R","Phys Med Biol","2007","2007/11/03","","","10.1088/0031-9155/52/22/010"
"16765437","Osteogenesis by human mesenchymal stem cells cultured on silk biomaterials: comparison of adenovirus mediated gene transfer and protein delivery of BMP-2","Meinel L, Hofmann S, Betz O, Fajardo R, Merkle HP, Langer R, Evans CH, Vunjak-Novakovic G, Kaplan DL.","Biomaterials. 2006 Oct;27(28):4993-5002. doi: 10.1016/j.biomaterials.2006.05.021. Epub 2006 Jun 12.","Meinel L","Biomaterials","2006","2006/06/13","","","10.1016/j.biomaterials.2006.05.021"
